{
  "01 - Página Inicial" : {
    "transaction" : "01 - Página Inicial",
    "sampleCount" : 500,
    "errorCount" : 0,
    "errorPct" : 0.0,
    "meanResTime" : 649.2680000000007,
    "medianResTime" : 538.0,
    "minResTime" : 392.0,
    "maxResTime" : 2189.0,
    "pct1ResTime" : 972.8000000000001,
    "pct2ResTime" : 1094.6499999999999,
    "pct3ResTime" : 1927.9900000000018,
    "throughput" : 19.51219512195122,
    "receivedKBytesPerSec" : 90.64405487804878,
    "sentKBytesPerSec" : 5.8498475609756095
  },
  "Total" : {
    "transaction" : "Total",
    "sampleCount" : 2000,
    "errorCount" : 0,
    "errorPct" : 0.0,
    "meanResTime" : 585.2029999999996,
    "medianResTime" : 495.0,
    "minResTime" : 392.0,
    "maxResTime" : 2258.0,
    "pct1ResTime" : 871.9000000000001,
    "pct2ResTime" : 1024.8499999999995,
    "pct3ResTime" : 1555.8500000000001,
    "throughput" : 70.08690776562938,
    "receivedKBytesPerSec" : 420.7438903928371,
    "sentKBytesPerSec" : 31.103187092619848
  },
  "03 - Selecionar Voo (POST)" : {
    "transaction" : "03 - Selecionar Voo (POST)",
    "sampleCount" : 500,
    "errorCount" : 0,
    "errorPct" : 0.0,
    "meanResTime" : 565.8999999999999,
    "medianResTime" : 489.0,
    "minResTime" : 396.0,
    "maxResTime" : 2247.0,
    "pct1ResTime" : 790.4000000000002,
    "pct2ResTime" : 1002.3499999999999,
    "pct3ResTime" : 1433.4400000000005,
    "throughput" : 19.964861843156044,
    "receivedKBytesPerSec" : 130.99990891031783,
    "sentKBytesPerSec" : 9.319535118191983
  },
  "04 - Confirmar Compra (POST)" : {
    "transaction" : "04 - Confirmar Compra (POST)",
    "sampleCount" : 500,
    "errorCount" : 0,
    "errorPct" : 0.0,
    "meanResTime" : 556.8400000000001,
    "medianResTime" : 483.5,
    "minResTime" : 393.0,
    "maxResTime" : 1898.0,
    "pct1ResTime" : 833.7,
    "pct2ResTime" : 992.0499999999997,
    "pct3ResTime" : 1448.6000000000004,
    "throughput" : 19.891788669637172,
    "receivedKBytesPerSec" : 112.27982276416296,
    "sentKBytesPerSec" : 11.688834614696054
  },
  "02 - Buscar Voos (POST)" : {
    "transaction" : "02 - Buscar Voos (POST)",
    "sampleCount" : 500,
    "errorCount" : 0,
    "errorPct" : 0.0,
    "meanResTime" : 568.8039999999999,
    "medianResTime" : 492.0,
    "minResTime" : 405.0,
    "maxResTime" : 2258.0,
    "pct1ResTime" : 823.2000000000003,
    "pct2ResTime" : 999.9,
    "pct3ResTime" : 1576.2700000000016,
    "throughput" : 19.96087668170386,
    "receivedKBytesPerSec" : 142.94248897161563,
    "sentKBytesPerSec" : 8.40150180645934
  }
}