{
  "01 - Página Inicial" : {
    "transaction" : "01 - Página Inicial",
    "sampleCount" : 500,
    "errorCount" : 0,
    "errorPct" : 0.0,
    "meanResTime" : 544.8320000000002,
    "medianResTime" : 480.0,
    "minResTime" : 393.0,
    "maxResTime" : 1323.0,
    "pct1ResTime" : 815.0,
    "pct2ResTime" : 908.0499999999997,
    "pct3ResTime" : 1081.6300000000003,
    "throughput" : 10.05348453774078,
    "receivedKBytesPerSec" : 46.703540962922744,
    "sentKBytesPerSec" : 3.014081790123457
  },
  "Total" : {
    "transaction" : "Total",
    "sampleCount" : 2000,
    "errorCount" : 0,
    "errorPct" : 0.0,
    "meanResTime" : 517.8749999999985,
    "medianResTime" : 475.0,
    "minResTime" : 392.0,
    "maxResTime" : 1392.0,
    "pct1ResTime" : 675.9000000000001,
    "pct2ResTime" : 799.0,
    "pct3ResTime" : 1043.94,
    "throughput" : 38.04378840044892,
    "receivedKBytesPerSec" : 228.3834748483004,
    "sentKBytesPerSec" : 16.88308281894961
  },
  "03 - Selecionar Voo (POST)" : {
    "transaction" : "03 - Selecionar Voo (POST)",
    "sampleCount" : 500,
    "errorCount" : 0,
    "errorPct" : 0.0,
    "meanResTime" : 506.4340000000001,
    "medianResTime" : 469.0,
    "minResTime" : 392.0,
    "maxResTime" : 1211.0,
    "pct1ResTime" : 650.9000000000001,
    "pct2ResTime" : 753.95,
    "pct3ResTime" : 1007.4700000000005,
    "throughput" : 10.16900892838984,
    "receivedKBytesPerSec" : 66.72419041977669,
    "sentKBytesPerSec" : 4.746861589619476
  },
  "04 - Confirmar Compra (POST)" : {
    "transaction" : "04 - Confirmar Compra (POST)",
    "sampleCount" : 500,
    "errorCount" : 0,
    "errorPct" : 0.0,
    "meanResTime" : 505.1119999999998,
    "medianResTime" : 474.0,
    "minResTime" : 398.0,
    "maxResTime" : 1313.0,
    "pct1ResTime" : 631.7,
    "pct2ResTime" : 683.75,
    "pct3ResTime" : 868.6100000000004,
    "throughput" : 10.164047730368141,
    "receivedKBytesPerSec" : 57.371285040554554,
    "sentKBytesPerSec" : 5.972608844246133
  },
  "02 - Buscar Voos (POST)" : {
    "transaction" : "02 - Buscar Voos (POST)",
    "sampleCount" : 500,
    "errorCount" : 0,
    "errorPct" : 0.0,
    "meanResTime" : 515.1220000000002,
    "medianResTime" : 477.5,
    "minResTime" : 396.0,
    "maxResTime" : 1392.0,
    "pct1ResTime" : 645.9000000000001,
    "pct2ResTime" : 740.9,
    "pct3ResTime" : 1159.6700000000003,
    "throughput" : 10.160330007518644,
    "receivedKBytesPerSec" : 72.75947260267014,
    "sentKBytesPerSec" : 4.2764670246489604
  }
}